Timestamp,ExecutionType,NumIterations,ImageWidth,ImageHeight,NumAngles,NumDetectors,RelaxationFactor,FinalErrorNorm,ReconstructionTime_ms
2025-10-06 13:47:22,Metal,100,256,256,90,725,1.25,0.766953,487.358
2025-10-06 13:47:45,Metal,1000,256,256,90,725,1.25,0.507384,4676.97
2025-10-06 13:47:55,Metal,500,256,256,90,725,1.25,0.603009,2451.11
2025-10-06 13:48:35,Metal,5000,256,256,90,725,1.25,0.275678,23426.7
2025-10-06 13:49:34,Metal,10000,256,256,90,725,1.25,0.217709,47587.9
2025-10-06 13:58:47,Metal,10000,256,256,90,725,1.5,0.213875,46301
2025-10-06 14:09:45,Metal,5000,256,256,90,725,1.5,0.267578,25011
2025-10-06 14:10:01,Metal,1000,256,256,90,725,1.5,0.496395,5079.89
2025-10-06 14:10:10,Metal,500,256,256,90,725,1.5,0.593454,2410.36
2025-10-06 14:10:18,Metal,100,256,256,90,725,1.5,0.760795,498.787
2025-10-06 14:11:01,Metal,100,256,256,90,725,1.75,0.755046,495.204
2025-10-06 14:11:06,Metal,500,256,256,90,725,1.75,0.584409,2414.04
2025-10-06 14:11:14,Metal,1000,256,256,90,725,1.75,0.486062,4615.83
2025-10-06 14:11:41,Metal,5000,256,256,90,725,1.75,0.260426,24201
2025-10-06 14:12:37,Metal,10000,256,256,90,725,1.75,0.210682,47609.3
2025-10-06 14:13:54,Metal,100,256,256,90,725,2,0.749635,464.974
2025-10-06 14:13:59,Metal,500,256,256,90,725,2,0.575818,2253.85
2025-10-06 14:14:25,Metal,5000,256,256,90,725,2,0.254086,22334.5
2025-10-06 14:14:37,Metal,1000,256,256,90,725,2,0.476315,4500.71
2025-10-06 14:15:31,Metal,10000,256,256,90,725,2,0.208006,49398.2
2025-10-06 14:22:40,Metal,100,256,256,90,725,2.25,0.744507,461.425
2025-10-06 14:22:42,Metal,500,256,256,90,725,2.25,0.567633,2310.04
2025-10-06 14:22:48,Metal,1000,256,256,90,725,2.25,0.467098,5270.61
2025-10-06 14:23:13,Metal,5000,256,256,90,725,2.25,0.248447,24341.2
2025-10-06 14:24:02,Metal,10000,256,256,90,725,2.25,0.205752,48373.1
2025-10-06 14:25:11,Metal,100,256,256,90,725,2.5,0.739616,567.491
2025-10-06 14:25:14,Metal,500,256,256,90,725,2.5,0.559818,2670
2025-10-06 14:25:20,Metal,1000,256,256,90,725,2.5,0.458364,4846.28
2025-10-06 14:25:44,Metal,5000,256,256,90,725,2.5,0.243415,23807.8
2025-10-06 14:26:33,Metal,10000,256,256,90,725,2.5,0.203843,48326.5
2025-10-06 14:27:03,Metal,100,256,256,90,725,2.75,0.734929,550.761
2025-10-06 14:27:06,Metal,500,256,256,90,725,2.75,0.552336,2556.63
2025-10-06 14:27:12,Metal,1000,256,256,90,725,2.75,0.450069,4815.81
2025-10-06 14:27:36,Metal,5000,256,256,90,725,2.75,0.238913,23801.4
2025-10-06 14:28:24,Metal,10000,256,256,90,725,2.75,0.202219,47545.8
2025-10-06 14:29:00,Metal,100,256,256,90,725,3,0.73042,520.151
2025-10-06 14:29:03,Metal,500,256,256,90,725,3,0.545161,2620.9
2025-10-06 14:29:08,Metal,1000,256,256,90,725,3,0.442179,4891.22
2025-10-06 14:29:32,Metal,5000,256,256,90,725,3,0.234874,23842.9
2025-10-06 14:30:21,Metal,10000,256,256,90,725,3,0.200831,48137.3
2025-10-06 14:31:12,Metal,100,256,256,90,725,3.5,0.721855,494.068
2025-10-06 14:31:15,Metal,500,256,256,90,725,3.5,0.531632,2555.59
2025-10-06 14:31:21,Metal,1000,256,256,90,725,3.5,0.427487,4875.69
2025-10-06 14:31:45,Metal,5000,256,256,90,725,3.5,0.227968,23903.9
2025-10-06 14:32:34,Metal,10000,256,256,90,725,3.5,0.198613,48214.9
2025-10-06 14:32:54,Metal,100,256,256,90,725,4,0.713795,494.243
2025-10-06 14:32:57,Metal,500,256,256,90,725,4,0.519068,2656.14
2025-10-06 14:33:03,Metal,1000,256,256,90,725,4,0.414078,5000.82
2025-10-06 14:33:27,Metal,5000,256,256,90,725,4,0.222335,23913.6
2025-10-06 14:34:15,Metal,10000,256,256,90,725,4,0.196955,47434.9
2025-10-06 15:03:43,Metal,100,256,256,90,725,5,0.66112,471.862
2025-10-06 15:03:46,Metal,500,256,256,90,725,5,0.442128,2312.25
2025-10-06 15:03:51,Metal,1000,256,256,90,725,5,0.337819,4499.12
2025-10-06 15:04:15,Metal,5000,256,256,90,725,5,0.200828,23508.5
2025-10-06 15:05:04,Metal,10000,256,256,90,725,5,0.191976,48593.1
2025-10-06 15:06:07,Metal,100,256,256,90,725,6,0.640099,458.075
2025-10-06 15:06:10,Metal,500,256,256,90,725,6,0.414025,2300.93
2025-10-06 15:06:15,Metal,1000,256,256,90,725,6,0.312827,4606.54
2025-10-06 15:06:39,Metal,5000,256,256,90,725,6,0.196954,23068.3
2025-10-06 15:07:24,Metal,10000,256,256,90,725,6,0.191322,45106.6
2025-10-06 15:23:13,Metal-wo-globalweight,100,256,256,90,725,0,0.89551,470.451
2025-10-06 15:23:15,Metal-wo-globalweight,500,256,256,90,725,0,0.742294,2305.64
2025-10-06 15:23:20,Metal-wo-globalweight,1000,256,256,90,725,0,0.670812,4530.73
2025-10-06 15:23:44,Metal-wo-globalweight,5000,256,256,90,725,0,0.457104,23126.7
2025-10-06 15:24:34,Metal-wo-globalweight,10000,256,256,90,725,0,0.354362,48884.2
2025-10-06 15:26:06,Metal-wo-globalweight-4,100,256,256,90,725,0,0.764027,475.832
2025-10-06 15:26:09,Metal-wo-globalweight-4,500,256,256,90,725,0,0.587448,2551.4
2025-10-06 15:26:15,Metal-wo-globalweight-4,1000,256,256,90,725,0,0.490393,5145.83
2025-10-06 15:26:40,Metal-wo-globalweight-4,5000,256,256,90,725,0,0.267502,24324.3
2025-10-06 15:27:28,Metal-wo-globalweight-4,10000,256,256,90,725,0,0.213743,47254.1
2025-10-06 15:28:49,Metal-wo-globalweight-6,100,256,256,90,725,0,0.723574,480.543
2025-10-06 15:28:52,Metal-wo-globalweight-6,500,256,256,90,725,0,0.531501,2598.2
2025-10-06 15:28:58,Metal-wo-globalweight-6,1000,256,256,90,725,0,0.428935,4873.93
2025-10-06 15:29:22,Metal-wo-globalweight-6,5000,256,256,90,725,0,0.231082,23846.4
2025-10-06 15:30:11,Metal-wo-globalweight-6,10000,256,256,90,725,0,0.198988,47790.6
2025-10-06 15:34:08,Metal-wo-globalweight-8,100,256,256,90,725,0,0.694143,460.654
2025-10-06 15:34:11,Metal-wo-globalweight-8,500,256,256,90,725,0,0.489701,2264.72
2025-10-06 15:34:16,Metal-wo-globalweight-8,1000,256,256,90,725,0,0.385962,4895.4
2025-10-06 15:34:41,Metal-wo-globalweight-8,5000,256,256,90,725,0,0.213521,23766.9
2025-10-06 15:35:28,Metal-wo-globalweight-8,10000,256,256,90,725,0,0.194057,47404.7
2025-10-06 15:37:08,Metal-wo-globalweight-10,100,256,256,90,725,0,0.670099,513.326
2025-10-06 15:37:12,Metal-wo-globalweight-10,500,256,256,90,725,0,0.456359,2642.21
2025-10-06 15:37:17,Metal-wo-globalweight-10,1000,256,256,90,725,0,0.353691,4851.05
2025-10-06 15:37:41,Metal-wo-globalweight-10,5000,256,256,90,725,0,0.204209,23905.9
2025-10-06 15:38:29,Metal-wo-globalweight-10,10000,256,256,90,725,0,0.192107,47347.1
2025-10-06 15:39:21,Metal-wo-globalweight-20,100,256,256,90,725,0,0.586618,482.423
2025-10-06 15:39:24,Metal-wo-globalweight-20,500,256,256,90,725,0,0.353633,2350.74
2025-10-06 15:39:29,Metal-wo-globalweight-20,1000,256,256,90,725,0,0.267002,5015.72
2025-10-06 15:39:54,Metal-wo-globalweight-20,5000,256,256,90,725,0,0.192106,23672.6
2025-10-06 15:40:43,Metal-wo-globalweight-20,10000,256,256,90,725,0,0.190268,48381.3
2025-10-06 15:51:44,Metal,100,256,256,90,725,8,0.604739,463.338
2025-10-06 15:51:47,Metal,500,256,256,90,725,8,0.370266,2276.26
2025-10-06 15:51:52,Metal,1000,256,256,90,725,8,0.277379,4514.93
2025-10-06 15:52:16,Metal,5000,256,256,90,725,8,0.193385,23378.1
2025-10-06 15:53:04,Metal,10000,256,256,90,725,8,0.190769,47833.3
2025-10-06 15:53:27,Metal,100,256,256,90,725,10,0.575547,476.322
2025-10-06 15:53:30,Metal,500,256,256,90,725,10,0.337758,2551.9
2025-10-06 15:53:35,Metal,1000,256,256,90,725,10,0.254043,4809.26
2025-10-06 15:54:00,Metal,5000,256,256,90,725,10,0.191975,23757.4
2025-10-06 15:54:48,Metal,10000,256,256,90,725,10,0.190539,47329.8
2025-10-06 15:56:20,Metal,100,256,256,90,725,15,0.518746,474.7
2025-10-06 15:56:23,Metal,500,256,256,90,725,15,0.284783,2370.2
2025-10-06 15:56:28,Metal,1000,256,256,90,725,15,0.222303,4656.32
2025-10-06 15:56:53,Metal,5000,256,256,90,725,15,0.19086,24174.2
2025-10-06 15:57:41,Metal,10000,256,256,90,725,15,0.190286,47551.8
2025-10-06 15:58:44,Metal,100,256,256,90,725,20,0.475902,511.249
2025-10-06 15:58:47,Metal,500,256,256,90,725,20,0.253989,2452.05
2025-10-06 15:58:52,Metal,1000,256,256,90,725,20,0.20798,4880.95
2025-10-06 15:59:17,Metal,5000,256,256,90,725,20,0.190538,23919.8
2025-10-06 16:00:03,Metal,10000,256,256,90,725,20,0.190153,45538.6
2025-10-06 16:00:40,Metal,100,256,256,90,725,30,0.413589,508.758
2025-10-06 16:00:43,Metal,500,256,256,90,725,30,0.222263,2585.43
2025-10-06 16:00:49,Metal,1000,256,256,90,725,30,0.196942,4901.64
2025-10-06 16:01:13,Metal,5000,256,256,90,725,30,0.190285,23836
2025-10-06 16:02:01,Metal,10000,256,256,90,725,30,0.189987,47835.2
2025-10-06 16:02:23,Metal,100,256,256,90,725,50,0.33727,508.713
2025-10-06 16:02:26,Metal,500,256,256,90,725,50,0.200792,2592.17
2025-10-06 16:02:31,Metal,1000,256,256,90,725,50,0.191972,4866.3
2025-10-06 16:02:56,Metal,5000,256,256,90,725,50,0.190059,24395.7
2025-10-06 16:03:45,Metal,10000,256,256,90,725,50,0.189791,47795.5
2025-10-06 16:22:11,Metal,100,256,256,90,725,75,0.284308,539.422
2025-10-06 16:22:14,Metal,500,256,256,90,725,75,0.193961,2601.54
2025-10-06 16:22:20,Metal,1000,256,256,90,725,75,0.190859,4975.74
2025-10-06 16:22:44,Metal,5000,256,256,90,725,75,0.189898,24322.6
2025-10-06 16:23:33,Metal,10000,256,256,90,725,75,0.189642,47513.7
2025-10-06 16:24:40,Metal,100,256,256,90,725,75,0.284308,494.395
2025-10-06 16:25:15,Metal,100,256,256,90,725,100,0.25356,560.64
2025-10-06 16:25:18,Metal,500,256,256,90,725,100,0.191968,2501.7
2025-10-06 16:25:23,Metal,1000,256,256,90,725,100,0.190538,4837.65
2025-10-06 16:25:48,Metal,5000,256,256,90,725,100,0.189789,24000.9
2025-10-06 16:26:37,Metal,10000,256,256,90,725,100,0.189538,48297.7
2025-10-06 16:30:44,Metal,100,256,256,90,725,150,0.221944,508.172
2025-10-06 16:30:47,Metal,500,256,256,90,725,150,0.190858,2511.75
2025-10-06 16:30:53,Metal,1000,256,256,90,725,150,0.190285,5337.61
2025-10-06 16:31:18,Metal,5000,256,256,90,725,150,0.189641,23556.2
2025-10-06 16:32:04,Metal,10000,256,256,90,725,150,0.18939,45819.6
2025-10-06 16:34:41,Metal-detspacing2,100,256,256,90,725,0,0.769898,360.962
2025-10-06 16:34:43,Metal-detspacing2,500,256,256,90,725,0,0.61104,1750.03
2025-10-06 16:34:47,Metal-detspacing2,1000,256,256,90,725,0,0.520624,3693.15
2025-10-06 16:35:06,Metal-detspacing2,5000,256,256,90,725,0,0.314918,18543.7
2025-10-06 16:35:43,Metal-detspacing2,10000,256,256,90,725,0,0.271342,36872.8
2025-10-06 16:37:27,Metal-detspacing2,100,256,256,90,725,1.25,0.751554,352.686
2025-10-06 16:37:29,Metal-detspacing2,500,256,256,90,725,1.25,0.58315,1848.34
2025-10-06 16:37:33,Metal-detspacing2,1000,256,256,90,725,1.25,0.489538,3840.54
2025-10-06 16:37:52,Metal-detspacing2,5000,256,256,90,725,1.25,0.296755,18667.6
2025-10-06 16:38:29,Metal-detspacing2,10000,256,256,90,725,1.25,0.264623,36826.1
2025-10-06 16:39:30,Metal-detspacing2,100,256,256,90,725,1.75,0.722696,459.181
2025-10-06 16:39:32,Metal-detspacing2,500,256,256,90,725,1.75,0.538829,1955.96
2025-10-06 16:39:36,Metal-detspacing2,1000,256,256,90,725,1.75,0.442148,3757.33
2025-10-06 16:39:55,Metal-detspacing2,5000,256,256,90,725,1.75,0.276877,18536.6
2025-10-06 16:40:32,Metal-detspacing2,10000,256,256,90,725,1.75,0.259055,36960.2
2025-10-06 16:41:30,Metal-detspacing2,100,256,256,90,725,2.5,0.68864,367.85
2025-10-06 16:41:33,Metal-detspacing2,500,256,256,90,725,2.5,0.489494,1838.97
2025-10-06 16:41:37,Metal-detspacing2,1000,256,256,90,725,2.5,0.393424,3959.99
2025-10-06 16:41:56,Metal-detspacing2,5000,256,256,90,725,2.5,0.264621,18445.7
2025-10-06 16:42:33,Metal-detspacing2,10000,256,256,90,725,2.5,0.256701,36992.3
2025-10-06 17:30:13,Metal,100,256,256,90,725,0,0.808276,481.145
2025-10-06 17:30:16,Metal,500,256,256,90,725,0,0.661313,2797.9
2025-10-06 17:30:22,Metal,1000,256,256,90,725,0,0.575851,5406.56
2025-10-06 17:30:48,Metal,5000,256,256,90,725,0,0.337868,24743.3
2025-10-06 17:31:37,Metal,10000,256,256,90,725,0,0.254091,49327.2
2025-10-06 18:14:18,Metal,20000,256,256,90,725,20,0.18988,100768
2025-10-06 18:25:44,Metal,100,256,256,180,725,0,0.808494,844.913
2025-10-06 18:26:27,Metal,1000,256,256,180,725,0,0.576111,8305.58
2025-10-06 18:27:21,Metal,5000,256,256,180,725,0,0.336006,41599.7
2025-10-06 18:28:07,Metal,1000,256,256,180,725,20,0.186324,8455.33
2025-10-06 18:29:07,Metal,5000,256,256,180,725,20,0.136691,41737.2
2025-10-06 18:31:36,Metal,1000,256,256,180,725,20,0.186324,8344.94
2025-10-06 18:32:15,Metal,1000,256,256,180,725,50,0.148005,8466.16
2025-10-06 18:33:08,Metal,5000,256,256,180,725,50,0.131962,42422.8
2025-10-06 18:33:40,Metal,100,256,256,180,725,75,0.281439,857.806
2025-10-06 18:33:46,Metal,500,256,256,180,725,75,0.156764,4271.16
2025-10-06 18:33:56,Metal,1000,256,256,180,725,75,0.140376,8964.23
2025-10-06 18:34:58,Metal,100,256,256,180,725,100,0.24567,853.43
2025-10-06 18:35:03,Metal,500,256,256,180,725,100,0.147991,4245.72
2025-10-06 18:35:12,Metal,1000,256,256,180,725,100,0.136686,8467.78
2025-10-06 18:36:15,Metal,5000,256,256,180,725,100,0.130529,41492.3
2025-10-06 18:38:18,Metal,5000,256,256,180,725,75,0.131091,43516.1
2025-10-06 18:38:54,Metal,100,256,256,180,725,50,0.335407,876.201
2025-10-06 18:38:59,Metal,500,256,256,180,725,50,0.173419,4476.14
2025-10-06 18:39:09,Metal,1000,256,256,180,725,50,0.148005,8874.51
2025-10-06 18:43:48,Metal,100,256,256,180,725,20,0.475955,870.535
2025-10-06 18:43:53,Metal,500,256,256,180,725,20,0.246116,4277.89
2025-10-06 18:44:03,Metal,1000,256,256,180,725,20,0.186324,8903.66
2025-10-06 18:44:45,Metal,100,256,256,180,725,0,0.808495,859.683
2025-10-06 18:44:50,Metal,500,256,256,180,725,0,0.661577,4214.54
2025-10-06 18:44:59,Metal,1000,256,256,180,725,0,0.576111,8459.64
2025-10-06 18:47:00,Metal,100,256,256,180,725,150,0.206905,871.424
2025-10-06 18:47:05,Metal,500,256,256,180,725,150,0.140167,4272.08
2025-10-06 18:47:15,Metal,1000,256,256,180,725,150,0.133764,8537.86
2025-10-06 18:48:27,Metal,5000,256,256,180,725,150,0.129693,41646
2025-10-06 18:49:08,Metal,100,256,256,180,725,175,0.21034,857.771
2025-10-06 18:49:13,Metal,500,256,256,180,725,175,0.138121,4197.4
2025-10-06 18:49:22,Metal,1000,256,256,180,725,175,0.13307,8475.26
2025-10-06 18:50:13,Metal,5000,256,256,180,725,175,0.129352,41707.3
2025-10-06 18:59:55,Metal,1000,256,256,180,725,175,0.13307,8400.8
2025-10-06 19:07:36,Metal,1000,256,256,180,725,175,0.132589,8400.91
2025-10-06 19:08:59,Metal,500,256,256,180,725,175,0.138,4154.75
2025-10-06 19:09:36,Metal,100,256,256,180,725,200,0.189367,854.381
2025-10-06 19:09:43,Metal,500,256,256,180,725,200,0.136444,4287
2025-10-06 19:09:56,Metal,1000,256,256,180,725,200,0.132072,8471.96
2025-10-06 19:14:40,Metal,100,256,256,180,725,175,0.343916,REG
2025-10-06 19:14:45,Metal,500,256,256,180,725,175,0.249777,4217.56
2025-10-06 19:14:54,Metal,1000,256,256,180,725,175,0.249626,8471.37
2025-10-06 19:15:36,Metal,100,256,256,180,725,0,0.857311,849.039
2025-10-06 19:15:41,Metal,500,256,256,180,725,0,0.832382,4231.32
2025-10-06 19:15:51,Metal,1000,256,256,180,725,0,0.832224,8455.16
2025-10-06 19:16:30,Metal,100,256,256,180,725,0,0.940215,836.842
2025-10-06 19:16:35,Metal,500,256,256,180,725,0,0.940081,4222.37
2025-10-06 19:16:45,Metal,1000,256,256,180,725,0,0.940081,8436.73
2025-10-06 19:17:42,Metal,100,256,256,180,725,0,0.996533,865.814
2025-10-06 19:17:48,Metal,500,256,256,180,725,0,0.996533,4223.73
2025-10-06 19:17:57,Metal,1000,256,256,180,725,0,0.996533,8483.13
2025-10-06 19:19:34,Metal,100,256,256,180,725,0,0.862763,909.257
2025-10-06 19:19:39,Metal,500,256,256,180,725,0,0.862325,4270.39
2025-10-06 19:19:49,Metal,1000,256,256,180,725,0,0.862326,8454.91
2025-10-06 19:20:16,Metal,100,256,256,180,725,0,0.64302,847.657
2025-10-06 19:20:21,Metal,500,256,256,180,725,0,0.64302,4219.56
2025-10-06 19:20:31,Metal,1000,256,256,180,725,0,0.64302,8467.19
2025-10-06 19:21:03,Metal,100,256,256,180,725,0,0.558775,945.239
2025-10-06 19:21:08,Metal,500,256,256,180,725,0,0.558633,4501.01
2025-10-06 19:21:19,Metal,1000,256,256,180,725,0,0.558633,9317.41
2025-10-06 19:25:49,Metal,100,256,256,180,725,0,0.371511,878.848
2025-10-06 19:25:54,Metal,500,256,256,180,725,0,0.343438,4429.97
2025-10-06 19:26:04,Metal,1000,256,256,180,725,0,0.343388,8783.93
2025-10-06 19:26:38,Metal,100,256,256,180,725,0,0.289153,896.605
2025-10-06 19:26:43,Metal,500,256,256,180,725,0,0.175607,4705.2
2025-10-06 19:26:53,Metal,1000,256,256,180,725,0,0.163347,8891.65
2025-10-06 19:31:44,Metal,100,256,256,180,725,0,0.211191,884.872
2025-10-06 19:31:50,Metal,500,256,256,180,725,0,0.138671,4449.48
2025-10-06 19:32:00,Metal,1000,256,256,180,725,0,0.133504,9005.6
2025-10-06 19:33:56,Metal,100,256,256,180,725,0,0.58826,843.136
2025-10-06 19:34:01,Metal,500,256,256,180,725,0,0.559039,4276.12
2025-10-06 19:34:11,Metal,1000,256,256,180,725,0,0.55436,8477.33
2025-10-06 19:36:25,Metal,100,256,256,180,725,0,0.586897,868.979
2025-10-06 19:36:30,Metal,500,256,256,180,725,0,0.551147,4422.73
2025-10-06 19:36:40,Metal,1000,256,256,180,725,0,0.537678,8532
2025-10-06 19:36:59,Metal,100,256,256,180,725,0,0.586897,846.517
2025-10-06 19:37:05,Metal,500,256,256,180,725,0,0.551147,4240.89
2025-10-06 19:37:14,Metal,1000,256,256,180,725,0,0.537678,8452.2
2025-10-06 19:38:26,Metal,100,256,256,180,725,0,0.976652,877.503
2025-10-06 19:38:32,Metal,500,256,256,180,725,0,0.969946,4615.12
2025-10-06 19:38:42,Metal,1000,256,256,180,725,0,0.967119,8997.67
2025-10-06 19:39:10,Metal,100,256,256,180,725,0,0.21034,883.907
2025-10-06 19:39:16,Metal,500,256,256,180,725,0,0.138121,4349.38
2025-10-06 19:39:25,Metal,1000,256,256,180,725,0,0.13307,8444.58
2025-10-06 19:40:21,Metal,100,256,256,180,725,0,0.19877,852.233
2025-10-06 19:40:26,Metal,500,256,256,180,725,0,0.138,4232.62
2025-10-06 19:40:36,Metal,1000,256,256,180,725,0,0.132589,8497.32
2025-10-06 19:46:20,Metal,100,256,256,256,725,200,0.186925,1189.32
2025-10-06 19:46:28,Metal,500,256,256,256,725,200,0.119339,5972.19
2025-10-06 19:46:41,Metal,1000,256,256,256,725,200,0.109868,11863.9
2025-10-06 20:22:45,Metal,100,256,256,256,725,210,0.183508,1176.77
2025-10-06 20:22:52,Metal,500,256,256,256,725,210,0.118379,5887.37
2025-10-06 20:23:06,Metal,1000,256,256,256,725,210,0.10946,11791.3
2025-10-06 20:30:08,Metal,100,256,256,180,870,200,0.188795,836.214
2025-10-06 20:30:14,Metal,500,256,256,180,870,200,0.135485,4265.21
2025-10-06 20:30:23,Metal,1000,256,256,180,870,200,0.131617,8455.33
2025-10-06 20:31:52,Metal,100,256,256,180,870,210,0.185558,829.162
2025-10-06 20:31:57,Metal,500,256,256,180,870,210,0.135025,4225.1
2025-10-06 20:32:07,Metal,1000,256,256,180,870,210,0.131484,8533.29
2025-10-06 20:33:56,Metal,100,256,256,360,725,200,0.186113,1627.65
2025-10-06 20:34:06,Metal,500,256,256,360,725,200,0.112066,8176.63
2025-10-06 20:34:25,Metal,1000,256,256,360,725,200,0.0981711,16581.3
2025-10-06 20:35:26,Metal,100,256,256,360,725,200,0.186113,1684.66
2025-10-06 20:35:37,Metal,500,256,256,360,725,200,0.112066,8635.24
2025-10-06 20:35:56,Metal,1000,256,256,360,725,200,0.0981711,16533.9
2025-10-06 20:36:17,Metal,100,256,256,360,725,210,0.182624,1715.65
2025-10-06 20:36:28,Metal,500,256,256,360,725,210,0.110798,8683.19
2025-10-06 20:36:47,Metal,1000,256,256,360,725,210,0.0974495,16984.9
2025-10-06 21:02:37,Metal,100,256,256,360,725,220,2.86788,1632.58
2025-10-06 21:02:48,Metal,500,256,256,360,725,220,3062.76,8196.98
2025-10-06 21:03:06,Metal,1000,256,256,360,725,220,1.87442e+07,16216.8
2025-10-06 21:03:40,Metal,100,256,256,360,725,215,0.183205,1799.31
2025-10-06 21:03:53,Metal,500,256,256,360,725,215,0.110205,9918.82
2025-10-06 21:04:13,Metal,1000,256,256,360,725,215,0.0971092,17297.1
2025-10-06 21:07:12,Metal,100,256,256,256,725,215,0.184034,1282.54
2025-10-06 21:07:20,Metal,500,256,256,256,725,215,0.117935,6342.83
2025-10-06 21:07:34,Metal,1000,256,256,256,725,215,0.109271,12344.7
2025-10-06 21:08:13,Metal,100,256,256,256,725,220,2.81588,1235.88
2025-10-06 21:08:21,Metal,500,256,256,256,725,220,2794.25,6338.28
2025-10-06 21:08:35,Metal,1000,256,256,256,725,220,1.56024e+07,12405.6
2025-10-06 21:14:44,Metal,100,256,256,256,725,200,0.186925,1270.4
2025-10-06 21:14:52,Metal,500,256,256,256,725,200,0.119339,6328.72
2025-10-06 21:15:06,Metal,1000,256,256,256,725,200,0.109868,12449.3
2025-10-06 21:16:19,Metal,100,256,256,256,725,0,0.822784,1245.05
2025-10-06 21:16:27,Metal,500,256,256,256,725,0,0.659316,6342.41
2025-10-06 21:16:41,Metal,1000,256,256,256,725,0,0.573908,12619.2
2025-10-06 21:20:06,Metal,100,256,256,360,725,0,0.822772,1679.97
2025-10-06 21:20:17,Metal,500,256,256,360,725,0,0.659305,8239.06
2025-10-06 21:20:36,Metal,1000,256,256,360,725,0,0.573893,16478.6
2025-10-06 22:14:14,Metal,100,256,256,360,725,0,0.822772,1713.96
2025-10-06 22:14:25,Metal,500,256,256,360,725,0,0.659305,9076.54
2025-10-06 22:14:45,Metal,1000,256,256,360,725,0,0.573893,17294.5
2025-10-06 22:17:53,Metal-linear,100,256,256,360,725,0,0.832863,1027.06
2025-10-06 22:18:00,Metal-linear,500,256,256,360,725,0,0.670885,5234.92
2025-10-06 22:18:12,Metal-linear,1000,256,256,360,725,0,0.587037,10510.7
2025-10-06 22:19:16,Metal-linear,100,256,256,360,725,175,0.196552,1049.48
2025-10-06 22:19:23,Metal-linear,500,256,256,360,725,175,0.110999,5309.85
2025-10-06 22:19:34,Metal-linear,1000,256,256,360,725,175,0.0941593,10296.9
2025-10-06 22:23:22,Metal-linear,100,256,256,360,725,200,0.185455,1110.18
2025-10-06 22:23:29,Metal-linear,500,256,256,360,725,200,0.107179,5334.58
2025-10-06 22:23:41,Metal-linear,1000,256,256,360,725,200,0.0915031,10475.2
2025-10-06 22:24:06,Metal-linear,100,256,256,360,725,210,0.181642,1039.33
2025-10-06 22:24:12,Metal-linear,500,256,256,360,725,210,0.105866,5245.96
2025-10-06 22:24:24,Metal-linear,1000,256,256,360,725,210,0.0905559,10829
2025-10-06 22:24:49,Metal-linear,100,256,256,360,725,215,0.179848,1046.22
2025-10-06 22:24:56,Metal-linear,500,256,256,360,725,215,0.105248,5443.48
2025-10-06 22:25:09,Metal-linear,1000,256,256,360,725,215,0.0901027,11065.1
2025-10-06 22:43:42,Metal-linear,100,256,256,256,725,215,0.18135,781.156
2025-10-06 22:43:47,Metal-linear,500,256,256,256,725,215,0.115841,3951.36
2025-10-06 22:43:55,Metal-linear,1000,256,256,256,725,215,0.106522,7568.57
2025-10-06 22:44:29,Metal-linear,100,256,256,256,725,220,0.179683,799.872
2025-10-06 22:44:34,Metal-linear,500,256,256,256,725,220,0.115431,3872.48
2025-10-06 22:44:42,Metal-linear,1000,256,256,256,725,220,0.106284,7498.16
2025-10-06 22:45:53,Metal-linear,100,256,256,180,725,220,0.184686,556.461
2025-10-06 22:45:56,Metal-linear,500,256,256,180,725,220,0.136745,2811.92
2025-10-06 22:46:02,Metal-linear,1000,256,256,180,725,220,0.131966,5708.45
2025-10-06 22:50:27,Metal-linear,100,256,256,90,725,220,0.209624,292.155
2025-10-06 22:50:29,Metal-linear,500,256,256,90,725,220,0.194917,1388.26
2025-10-06 22:50:32,Metal-linear,1000,256,256,90,725,220,0.194207,2817.77
2025-10-06 22:50:46,Metal-linear,100,256,256,90,725,220,0.209624,293.61
2025-10-06 22:50:47,Metal-linear,500,256,256,90,725,220,0.194917,1379.94
2025-10-06 22:50:51,Metal-linear,1000,256,256,90,725,220,0.194207,2778.39
2025-10-06 22:51:20,Metal-linear,100,256,256,90,725,230,0.20807,283.183
2025-10-06 22:51:22,Metal-linear,500,256,256,90,725,230,0.194872,1347.04
2025-10-06 22:51:25,Metal-linear,1000,256,256,90,725,230,0.194158,2691.04
2025-10-06 22:59:57,Metal-line,100,256,256,90,725,230,0.223596,228.851
2025-10-06 22:59:58,Metal-line,500,256,256,90,725,230,0.205004,1079.57
2025-10-06 23:00:01,Metal-line,1000,256,256,90,725,230,0.20361,2037.05
2025-10-06 23:00:23,Metal-line,100,256,256,90,725,240,0.221803,215.369
2025-10-06 23:00:24,Metal-line,500,256,256,90,725,240,0.204926,1017.48
2025-10-06 23:00:26,Metal-line,1000,256,256,90,725,240,0.203515,2015.91
2025-10-06 23:01:05,Metal-line,100,256,256,360,725,240,0.177116,686.991
2025-10-06 23:01:09,Metal-line,500,256,256,360,725,240,0.0960635,3430.08
2025-10-06 23:01:17,Metal-line,1000,256,256,360,725,240,0.0784919,6765.58
2025-10-06 23:01:58,Metal-line,100,256,256,360,725,250,0.173553,695.135
2025-10-06 23:02:02,Metal-line,500,256,256,360,725,250,0.0949477,3422.26
2025-10-06 23:02:10,Metal-line,1000,256,256,360,725,250,0.0775076,6780.72
2025-10-06 23:02:43,Metal-line,100,256,256,256,725,250,0.178566,549.36
2025-10-06 23:02:47,Metal-line,500,256,256,256,725,250,0.114298,2954.4
2025-10-06 23:02:53,Metal-line,1000,256,256,256,725,250,0.104423,5313.17
2025-10-06 23:03:32,Metal-line,100,256,256,256,725,260,0.175488,492.202
2025-10-06 23:03:36,Metal-line,500,256,256,256,725,260,0.113658,2501.63
2025-10-06 23:03:41,Metal-line,1000,256,256,256,725,260,0.103907,5043.69
2025-10-06 23:04:21,Metal-line,100,256,256,180,725,260,0.18464,392.005
2025-10-06 23:04:23,Metal-line,500,256,256,180,725,260,0.139765,1814.35
2025-10-06 23:04:28,Metal-line,1000,256,256,180,725,260,0.133961,3637.84
2025-10-06 23:04:57,Metal-line,100,256,256,180,725,280,0.179906,391.409
2025-10-06 23:05:00,Metal-line,500,256,256,180,725,280,0.1391,1826.68
2025-10-06 23:05:04,Metal-line,1000,256,256,180,725,280,0.133342,3626.29
2025-10-06 23:32:08,Metal-line,100,256,256,360,725,280,0.16419,677.917
2025-10-06 23:32:16,Metal-line,500,256,256,360,725,280,0.0919281,3475.3
2025-10-06 23:32:27,Metal-line,1000,256,256,360,725,280,0.0747908,6820.48
2025-10-07 10:58:57,Metal-line-constrained,100,256,256,360,725,280,0.154995,699.321
2025-10-07 10:59:05,Metal-line-constrained,500,256,256,360,725,280,0.0513844,3540.76
2025-10-07 10:59:20,Metal-line-constrained,1000,256,256,360,725,280,0.0314429,6865.34
2025-10-07 11:02:29,Metal-line,100,256,256,360,725,280,0.16419,697.989
2025-10-07 11:02:35,Metal-line,500,256,256,360,725,280,0.0919281,3565.02
2025-10-07 11:02:44,Metal-line,1000,256,256,360,725,280,0.0747908,6842.46
2025-10-07 11:07:02,Metal-line,100,256,256,360,725,280,0.16419,672.994
2025-10-07 11:07:09,Metal-line,500,256,256,360,725,280,0.0919281,3732.58
2025-10-07 11:07:18,Metal-line,1000,256,256,360,725,280,0.0747908,6956.83
2025-10-07 11:08:31,Metal-line-constrained,1000,256,256,360,725,280,0.0314429,6737.65
2025-10-07 11:13:09,Metal-line-constrained,1000,256,256,256,725,280,0.044694,5122.5
2025-10-07 11:13:25,Metal-line-constrained,100,256,256,256,725,280,0.157542,500.819
2025-10-07 11:13:30,Metal-line-constrained,500,256,256,256,725,280,0.063691,2531.04
2025-10-07 11:13:37,Metal-line-constrained,1000,256,256,256,725,280,0.044694,5184.87
2025-10-07 11:14:25,Metal-line-constrained,100,256,256,180,725,280,0.159754,367.794
2025-10-07 11:14:28,Metal-line-constrained,500,256,256,180,725,280,0.0729665,1835.84
2025-10-07 11:14:32,Metal-line-constrained,1000,256,256,180,725,280,0.0563616,3606.34
2025-10-07 11:15:05,Metal-line-constrained,100,256,256,90,725,280,0.175728,212.43
2025-10-07 11:15:06,Metal-line-constrained,500,256,256,90,725,280,0.117667,1036.99
2025-10-07 11:15:09,Metal-line-constrained,1000,256,256,90,725,280,0.106972,2034.92
2025-10-07 11:36:35,Metal-line-constrained,100,256,256,360,725,280,0.154995,697.617
2025-10-07 11:36:39,Metal-line-constrained,500,256,256,360,725,280,0.0513844,3491.99
2025-10-07 11:36:47,Metal-line-constrained,1000,256,256,360,725,280,0.0314429,6843.45
2025-10-07 19:10:41,Metal-line-constrained,1000,256,256,360,725,280,0.03108,6769.41
2025-10-07 19:11:14,Metal-line-constrained,500,256,256,360,725,280,0.0507437,3665.52
2025-10-07 19:11:53,Metal-line-constrained,2000,256,256,360,725,280,0.0184399,13132
2025-10-07 19:12:40,Metal-line-constrained,2000,256,256,360,725,280,0.0186669,13844.3
2025-10-07 19:13:31,Metal-line-constrained,5000,256,256,360,725,280,0.0099494,27280.2
2025-10-07 19:14:25,Metal-line-constrained,5000,256,256,360,725,300,0.00988556,25891.8
2025-10-07 19:14:51,Metal-line-constrained,2000,256,256,360,725,300,0.0176535,13429.8
2025-10-07 19:15:14,Metal-line-constrained,1000,256,256,360,725,300,0.0299252,6991.04
2025-10-07 19:15:42,Metal-line-constrained,1000,256,256,360,725,320,0.0285652,6898.67
2025-10-07 19:16:26,Metal-line-constrained,1000,256,256,360,725,330,0.0279334,6739.35
2025-10-07 19:16:52,Metal-line-constrained,1000,256,256,360,725,340,0.0273257,6795.35
2025-10-07 19:17:20,Metal-line-constrained,1000,256,256,360,725,350,0.026563,6934.39
2025-10-07 19:22:40,Metal-line-constrained,100,256,256,360,725,350,0.135476,668.032
2025-10-07 19:22:44,Metal-line-constrained,500,256,256,360,725,350,0.0430704,3442.93
2025-10-07 19:22:52,Metal-line-constrained,1000,256,256,360,725,350,0.026563,6947.3
2025-10-07 19:26:48,Metal-line-constrained,100,256,256,256,725,350,0.139356,542.265
2025-10-07 19:26:51,Metal-line-constrained,500,256,256,256,725,350,0.0566396,2644.93
2025-10-07 19:26:57,Metal-line-constrained,1000,256,256,256,725,350,0.0405172,5543.54
2025-10-07 19:27:24,Metal-line-constrained,100,256,256,180,725,350,0.142001,389.089
2025-10-07 19:27:26,Metal-line-constrained,500,256,256,180,725,350,0.0668141,1844.05
2025-10-07 19:27:30,Metal-line-constrained,1000,256,256,180,725,350,0.0529579,3619.57
2025-10-07 19:31:54,Metal-line-constrained,100,256,256,360,725,350,0.135476,702.068
2025-10-07 19:31:59,Metal-line-constrained,500,256,256,360,725,350,0.0430704,3495.9
2025-10-07 19:32:06,Metal-line-constrained,1000,256,256,360,725,350,0.026563,6974.57

